Country/Region,Province/State,Nmax,Nmax_low,Nmax_high,sigma,sigma_low,sigma_high,th,th_low,th_high
US,NaN,77057.04875653845,60546.33023357557,102714.28093238585,10.603832497718868,10.08057612243466,11.194641391313763,2020-04-17,2020-04-15,2020-04-20
Italy,NaN,20296.005029643366,19789.107626156103,20832.17705266228,9.342820754122357,9.182615959102035,9.5058205670833,2020-03-27,2020-03-27,2020-03-28
Spain,NaN,17855.67972615134,17079.768951113158,18713.72898067507,7.389487466721562,7.159458541478383,7.62690707746728,2020-03-31,2020-03-30,2020-03-31
France,NaN,27871.395927141435,22311.152991966064,36750.096116153145,10.109048743687444,9.399021584007901,10.925628868070028,2020-04-11,2020-04-08,2020-04-14
United Kingdom,NaN,31949.161141437136,24005.19042060301,45477.930083692,10.61350130416141,9.886649704606624,11.447803785956086,2020-04-16,2020-04-13,2020-04-19
US,New York,13079.986757907924,11990.717480084528,14275.890655023384,7.0443232354911345,6.754295251862691,7.324774842431727,2020-04-08,2020-04-07,2020-04-08
Iran,NaN,4615.812401363406,4442.215975834219,4806.674699241767,10.888435827962967,10.555781023001618,11.231573913983551,2020-03-26,2020-03-25,2020-03-27
Belgium,NaN,7790.394645704317,6676.350946821885,9366.366045308185,9.484122355167367,8.988595523600564,10.045397423006122,2020-04-13,2020-04-11,2020-04-14
Germany,NaN,4847.321067777898,4433.525473022641,5424.905536661493,8.775685267328013,8.40994698425685,9.217498900113096,2020-04-08,2020-04-07,2020-04-10
China,Hubei,3100.2844040555815,3078.628677772195,3120.566797119789,9.704409889459374,9.46160757133868,9.934061748749524,2020-02-14,2020-02-14,2020-02-14
US,New Jersey,5317.955355207864,4218.598318772689,7135.735932359112,8.279274141791227,7.571307130850011,9.104162481227672,2020-04-13,2020-04-10,2020-04-15
Netherlands,NaN,3279.999089371745,3210.256561360873,3353.3452513490442,8.065326485944873,7.943203514564231,8.189327039853962,2020-04-03,2020-04-03,2020-04-04
US,Michigan,2418.65080233968,2149.344232027456,2765.0890944925272,7.565823255028485,7.078994084829036,8.086132131259193,2020-04-09,2020-04-08,2020-04-10
Brazil,NaN,4503.097324577246,3515.7747058678497,6238.36859800921,10.883022100159245,10.09695552086994,11.848129384611857,2020-04-18,2020-04-15,2020-04-21
Turkey,NaN,2172.377527911369,1898.8291138379268,2559.137720659538,8.510961896557008,7.953892955171018,9.148238480126066,2020-04-10,2020-04-09,2020-04-12
Switzerland,NaN,1423.068685390531,1348.3444779510567,1515.2597699220864,9.181295455359404,8.818962209814263,9.588166321020871,2020-04-05,2020-04-04,2020-04-05
Sweden,NaN,2007.2314343368935,1499.1113054908865,3433.7692202191583,9.8888352137197,8.602521385079857,11.940549126895949,2020-04-12,2020-04-09,2020-04-18
US,Massachusetts,1993.4617443288755,1302.6948015994994,5365.5228561877975,8.575222004473098,7.0331267878500885,11.484842726814287,2020-04-14,2020-04-10,2020-04-24
US,Louisiana,1318.261153838966,1206.2105874922318,1477.8223502647088,8.762001394636291,8.251995840970205,9.383573331684776,2020-04-08,2020-04-07,2020-04-09
US,Illinois,1757.1360366468032,1252.0540789526137,3331.4845457324673,9.00288931260171,7.662568560371039,11.161570166265784,2020-04-14,2020-04-10,2020-04-20
US,Connecticut,2456.3238116588213,1549.2037370365456,5833.966910306867,10.329628828646905,8.805705297305261,12.779449399042802,2020-04-19,2020-04-15,2020-04-28
US,California,1606.5452911799512,1392.651915234956,1931.7599597972135,11.663415803945977,10.961557972188938,12.520732248650685,2020-04-14,2020-04-12,2020-04-16
US,Pennsylvania,4125.616782357637,1722.7838423293574,107914.23566153143,11.20817044922459,8.778386391786842,17.830470014121286,2020-04-24,2020-04-16,2020-05-27
Portugal,NaN,682.3609210116826,633.1934301855059,746.8961179489874,8.714141438138256,8.143472905842035,9.367000644059047,2020-04-06,2020-04-05,2020-04-07
US,Florida,857.9719897222378,646.5652904717061,1486.8704698712318,8.616654295860236,7.1748859958753215,10.96415255590952,2020-04-10,2020-04-07,2020-04-17
US,Washington,1086.187106018086,914.3723467108833,1385.1876033921271,16.860865541108414,15.534311749495625,18.603098403820066,2020-04-13,2020-04-10,2020-04-18
US,Georgia,878.7774273535445,676.2943956047059,1436.806367546968,10.213400567106136,8.690052400920278,12.667793980722971,2020-04-11,2020-04-08,2020-04-17
Canada,Quebec,890.3417763591922,553.628981548398,5205.675119425144,7.27537841169267,5.526891318991562,11.963737648360741,2020-04-14,2020-04-10,2020-04-30
Indonesia,NaN,1401.0011708054933,616.2009437950258,1470036.489600297,17.575550350778915,12.325038841360694,42.67863536496617,2020-04-23,2020-04-09,2020-09-07
Ireland,NaN,655.2522681014577,584.9893388159164,752.2058206518649,9.063000095439088,8.437326967677341,9.7816074514448,2020-04-11,2020-04-10,2020-04-12
US,Indiana,782.7118589206916,560.313398754486,1696.1278867871865,9.101692376855752,7.43174379302239,12.270229119641897,2020-04-13,2020-04-10,2020-04-22
Mexico,NaN,796.4018242101422,578.6465971130315,1362.6748295416899,7.9647992185090315,6.73946156308644,9.749853060405423,2020-04-15,2020-04-12,2020-04-20
India,NaN,1727.2917067500998,632.965826685513,9.269222129531694e+16,11.59901605342452,7.85671955097908,53.263468934075156,2020-04-22,2020-04-12,2021-05-31
Austria,NaN,454.7464433856591,416.37274104441997,512.0696066711579,8.70409616017519,7.900642775128105,9.706051508593974,2020-04-05,2020-04-04,2020-04-07
Ecuador,NaN,461.9320200403743,402.5061880934629,563.6166197512367,7.8612369700941445,6.8288273633434775,9.192412481052843,2020-04-07,2020-04-05,2020-04-09
Canada,Ontario,461.1760907339556,359.8365355844268,870.833654445988,6.922833559855465,5.447299603394228,9.91831352283489,2020-04-10,2020-04-07,2020-04-16
US,Texas,565.6543012376198,480.32526232171284,728.4941627479146,9.085132023746109,8.162467282254116,10.386482157980065,2020-04-11,2020-04-09,2020-04-14
Romania,NaN,529.6221703589255,462.7799280179579,651.9320573296586,9.605882784585525,8.63885221605237,10.968287627303347,2020-04-09,2020-04-08,2020-04-12
US,Ohio,554.5069675502402,441.18379949369137,807.4454739310908,9.466075870201989,8.141339281064758,11.381353542629398,2020-04-12,2020-04-09,2020-04-16
Philippines,NaN,2451.979593901265,716.1139873972317,2.9955147285500714e+31,20.435515803250233,13.996476530726293,118.76585878597339,2020-05-06,2020-04-16,2023-12-11
Algeria,NaN,346.8689841310285,327.3118515906065,375.0097055272418,5.655748415913597,5.118425336392093,6.327949524558404,2020-04-06,2020-04-05,2020-04-06
US,Colorado,595.8592569619111,429.95869348032863,1234.2362981289118,10.336680074013092,8.304343309236115,14.043881831942006,2020-04-12,2020-04-09,2020-04-22
US,Maryland,601.2535336196453,455.9631774677323,1006.2001344035658,7.6963831990754885,6.552227475319478,9.538578056822827,2020-04-14,2020-04-11,2020-04-19
Denmark,NaN,369.74461715188585,343.687150279073,406.78342564408257,9.162302857473117,8.489619992057582,9.989334459399469,2020-04-05,2020-04-04,2020-04-07
Poland,NaN,413.79168311781046,353.4670524109291,530.6934403671422,8.178049065113372,7.210074844258695,9.555041496813852,2020-04-10,2020-04-09,2020-04-13
Peru,NaN,690.7593694981157,450.1597157277789,1837.0798951812085,11.826360624576665,9.698533779023355,15.841696770551295,2020-04-18,2020-04-13,2020-05-01
"Korea, South",NaN,286.5686490451783,268.8877381901634,307.714855212238,21.109865962754263,19.773423094184658,22.53663611216154,2020-03-28,2020-03-26,2020-03-30
Russia,NaN,35630.43454728378,2409.3516359155883,1.0276648830906728e+76,19.156453283684954,13.244199583931248,115.04389084858933,2020-06-02,2020-05-03,2026-01-09
US,Virginia,1027.938893142743,301.8197292668727,1.938432142250896e+79,14.04000675162396,8.570851524937268,151.79544680053743,2020-04-27,2020-04-12,2028-01-11
Dominican Republic,NaN,6862276.486109313,8392.488197556611,4.9330522204994457e+76,47.33583990757395,27.9740325278248,198.1713889395972,2020-10-22,2020-06-09,2030-03-20
US,Wisconsin,236.86143799494928,199.1359104681889,336.4490926359856,8.042696486265964,6.628774764344517,10.47866193769568,2020-04-09,2020-04-07,2020-04-13
Egypt,NaN,657.3062244382852,307.9157021699696,75305366.18948911,16.09145118513631,11.2357852395471,51.91155859892282,2020-04-23,2020-04-12,2020-12-07
Czechia,NaN,220.3446908292361,198.41792772368316,254.37150651345038,8.525970522086421,7.6020343129217505,9.692109202478678,2020-04-09,2020-04-07,2020-04-10
US,Missouri,190.80096142736278,148.97405786059107,5424128477514.581,6.9401044674135415,4.299202419725699,69.733646631894,2020-04-09,2020-04-07,2021-07-15
Norway,NaN,183.20063534987946,162.36191183029067,235.3686925864464,8.807459819763283,7.36293480226078,11.408486628018233,2020-04-07,2020-04-06,2020-04-10
Japan,NaN,1.3732590021087026e+59,144213.28738357374,1.3732590021087026e+59,276.06098701508586,60.50046282588735,276.06098701508586,2032-05-11,2020-10-19,2032-05-11
US,Arizona,290.99368714259396,180.58270711502914,27260.300527220876,12.745603167651327,8.74236992472079,34.289000647242176,2020-04-15,2020-04-08,2020-07-11
Hungary,NaN,351.5867216003535,238.14350142201235,961.5077924469159,10.332837270456517,8.20817733296302,14.763098647285926,2020-04-18,2020-04-13,2020-04-30
Colombia,NaN,138.89673846675848,130.50169649670215,153.10716882615884,3.8454593931766627,3.2355832172992502,4.696618717949204,2020-04-09,2020-04-08,2020-04-09
US,Nevada,274.82746389642296,173.2734939339365,1.3214438423699877e+51,12.536517977496125,8.225218427499811,179.28773082971645,2020-04-15,2020-04-09,2027-07-17
US,North Carolina,237.65702883803743,132.97382561168376,2.0864065431044917e+79,10.911790852032734,5.878467462772882,208.93100713374562,2020-04-14,2020-04-08,2030-12-16
Israel,NaN,151.86666809761272,136.40189611896275,190.6086972085955,6.742776501438827,5.509300482380509,8.985147228401106,2020-04-08,2020-04-07,2020-04-10
Morocco,NaN,134.17015215951923,128.05904990264114,144.58177356212255,6.163107376721358,5.2688278291034365,7.464756109356978,2020-04-04,2020-04-04,2020-04-05
US,Tennessee,128.91994347157402,120.92259738812784,142.97406156986753,5.5151901044874325,4.514571106397698,6.942982559282239,2020-04-06,2020-04-05,2020-04-06
US,Oklahoma,119.39288113222635,103.66554942416509,13429.162549148583,5.36288793974584,2.92735860316095,35.65271683772262,2020-04-06,2020-04-06,2020-07-08
US,Mississippi,153.16116429517174,123.6573249287769,374.95225141126525,7.87250816922133,5.57096353800014,14.803349044568032,2020-04-09,2020-04-07,2020-04-21
US,Alabama,249616.9128465244,409.0822831986296,2.397339000700028e+79,44.41289360963598,16.610285165396515,233.09424529812287,2020-09-08,2020-04-24,2032-03-13
US,Kentucky,142.602095669595,116.13005508745125,3659866516775.022,7.551746061148029,4.686705445077596,85.83756142415677,2020-04-08,2020-04-06,2021-10-27
Pakistan,NaN,1.29351455929196e+78,329.2205956195466,2.1757749462185586e+79,224.02419217790805,15.864246463757807,230.63802696444094,2031-08-22,2020-04-22,2032-01-27
Argentina,NaN,131.4425208872632,112.93958155205281,225.80536015746162,7.189585271569931,5.198260897354071,12.588758143745059,2020-04-08,2020-04-07,2020-04-15
Ukraine,NaN,178.0030984611641,123.29206783996155,43266173.13882527,8.50994740984436,5.527321746150619,45.89090518656003,2020-04-12,2020-04-09,2020-11-10
US,South Carolina,141.2704448399221,106.57759651365237,1.2213157510364756e+26,8.22163589867511,5.189670367764646,115.15564439548149,2020-04-10,2020-04-07,2023-07-05
Greece,NaN,103.99904138058433,100.51897407381732,109.18127958176001,7.0932312086563885,6.026437517871308,8.493339114763524,2020-04-01,2020-04-01,2020-04-01
Serbia,NaN,6.769498526930025e+36,2615.16181340187,6.769498526930025e+36,202.95551693325066,37.386204617690666,202.95551693325066,2027-03-05,2020-06-20,2027-03-05
Panama,NaN,9.239814348826997e+41,3931.068082064571,9.239814348826997e+41,191.15888319107827,35.03243729867072,191.15888319107827,2027-04-02,2020-06-22,2027-04-02
Chile,NaN,105.43507145460747,96.32060337192357,136.26269918622967,5.272643936608238,3.936679877453841,8.345264915183353,2020-04-08,2020-04-08,2020-04-10
US,Minnesota,6.100348344798413e+74,120.04957752884955,2.0106296719212468e+79,231.62728260549474,8.378247838209965,252.77115624976602,2031-10-09,2020-04-10,2033-03-17
Malaysia,NaN,272.0553809810875,135.30674133656558,2.5608145098302567e+76,36.03062602979403,22.442624582704347,520.9941807853633,2020-05-03,2020-04-08,2046-05-29
Iraq,NaN,95.92830359361199,82.57282423937848,269.90209055146613,15.787280378474733,10.419284521273335,40.2127271420269,2020-03-30,2020-03-29,2020-05-05
Luxembourg,NaN,70.31297095812187,67.51066260160054,86.32709800641024,3.652203464047837,2.2048431786317004,9.058870050746389,2020-04-06,2020-04-07,2020-04-06
